{"cameraMode":{"drawMode":0,"name":"Shaded","section":"Shading Mode"},"sceneLighting":true,"audioPlay":false,"sceneViewState":{"showFog":true,"showMaterialUpdate":false,"showSkybox":true,"showFlares":true,"showImageEffects":true,"showParticleSystems":true},"in2DMode":false,"pivot":{"x":-5.912561893463135,"y":-1.255551815032959,"z":0.9946208000183106},"rotation":{"x":-0.19015288352966309,"y":0.5116402506828308,"z":-0.11728158593177796,"w":-0.8296692371368408},"size":8.400580406188965,"orthographic":false}